曲名,難易度
Real [A],10.2
Broadbanded [A],10.2
Why did you go away [A],10.5
CaptivAte～誓い～ [A],10.5
Dazzlin' Darlin [A],10.5
G59 [H],10.5
もっと！モット！ときめき feat. 松下 [A],10.5
BREAK OVER [A],10.5
FUTURE is Dead [A],10.5
うさ☆かめ 大戦争！ [A],10.5
ミッドナイト☆WAR [A],10.5
Get Higher [A],10.5
Hat Surprise (Season 3) [A],10.5
ACID VISION [A],10.5
GOLD RUSH 2025 [A],10.5
CHECKING YOU OUT [A],10.7
Sweet Sweet♡Magic [A],10.7
冥 [H],10.7
SigSig [A],10.7
ラクエン [A],10.7
LASER CRUSTER [H],10.7
op.31 叙情 [H],10.7
CaptivAte～裁き～ [A],10.7
the shadow [A],10.7
LOVELY STORM [A],10.7
Rising in the Sun(original mix) (HERO) [A],10.7
Time to Air [A],10.7
B4U(BEMANI FOR YOU MIX) [A],10.7
BLUE DRAGON(雷龍RemixIIDX) [A],10.7
Hypersonik [A],10.7
牧神笛吹きて [A],10.7
Erosion Mark [A],10.7
ベィスドロップ・フリークス [A],10.7
妖隠し -あやかしかくし- [A],10.7
紅牡丹 [A],10.7
灼熱 Pt.2 Long Train Running [H],10.7
Acid Pumper [A],10.7
¡Viva! [A],10.7
Cyber True Color [A],10.7
PAPAYAPA BASS [A],10.7
shuriken [A],10.7
The Commanders [A],10.7
Amor De Verão [A],10.7
Chemical Cookie [A],10.7
Exhaust Hype [A],10.7
From Time To Time [A],10.7
Temple of Anubis [A],10.7
Shiva [A],10.7
Sinus Iridum [H],10.7
Ah Hah Yeah [A],10.7
Explorer feat. ぷにぷに電機 [L],10.7
Hat Surprise [A],10.7
Ventriloquist [A],10.7
Beyond Evolution [H],10.7
Programmed Genom [A],10.7
少年リップルズ [A],10.7
out of disk space [A],10.7
ラビットホール [A],10.7
寝起きヤシの木 [A],10.7
Butterfly Twist [A],10.7
IN BETWEEN [A],10.7
sync [A],11.0
LAB [A],11.0
Distress [H],11.0
Karma [H],11.0
moon_child [H],11.0
GRADIUS -FULL SPEED- [A],11.0
SHOOTING STAR [A],11.0
Ganymede [H],11.0
Harmony and Lovely [A],11.0
with you… [A],11.0
VANESSA [H],11.0
evergreen [A],11.0
REMINISCENCE [A],11.0
ALL MY TURN -このターンに、オレの全てを賭ける- [A],11.0
Jack [A],11.0
翼 [L],11.0
SOLID STATE SQUAD [H],11.0
Believe In Me [A],11.0
YAKSHA [H],11.0
Phoenix [A],11.0
Timepiece phase II (CN Ver.) [H],11.0
405nm (Ryu☆mix) [A],11.0
ÆTHER [A],11.0
Overload Frontier [A],11.0
AFRO KNUCKLE [A],11.0
HELL SCAPER -Last Escape Remix- [A],11.0
illuminate [A],11.0
Line 4 Ruin [A],11.0
打打打打打打打打打打 [A],11.0
真 地獄超特急 -HELL or HELL- [H],11.0
Go Faraway [A],11.0
Nowhere [A],11.0
Set U Free feat. Kanae Asaba [A],11.0
Welcome [A],11.0
(This Is Not) The Angels [A],11.0
Be A Star [A],11.0
Egret and Willow [A],11.0
Battleground [A],11.0
Garuda [A],11.0
ToyCube Pf.(RX-Ver.S.P.L.) [A],11.0
Wing of Hearts [A],11.0
Wonderland [A],11.0
Yum Yum Jelly [A],11.0
ハードベース・フェスタ [A],11.0
PHASE SHIFT MANEUVER [A],11.0
ランカーキラーガール [A],11.0
曼荼羅恋々 [A],11.0
ABSOLUTE (kors k Remix) [A],11.0
Lovely Howdy Cowboy!! [A],11.0
Para siempre [A],11.0
FINALLY BLAZE [A],11.0
Lawes's Parotia [A],11.0
SOLID WYVERN [A],11.0
ミュージック・アワー [A],11.0
月とミルク [A],11.0
OVER VOLTAGE [A],11.0
Sunny Day Vibes [A],11.0
With You [A],11.0
Amethyst [A],11.0
Just Gimme [A],11.0
めうめうぺったんたん！！ (ZAQUVA Remix) [A],11.0
PopなEDEN [A],11.0
Raspberry Potion (feat.あれたん♡ & ぎゃるのしん☆) [A],11.0
RAVE SYNDROME [A],11.0
Stargazing Trip ～星 探す旅～ ft. 小林マナ [A],11.0
えだまめカレークッキング [A],11.0
無双 [A],11.0
D.K.N. ON [A],11.0
ESPRIT ONE [A],11.0
Funky Quirky [A],11.0
Kick The Rainbow [A],11.0
kors k's Let's make an Image Song! [A],11.0
Meteor☆Shower [A],11.0
メテオラ-meteor- [A],11.0
ABSOLUTE [A],11.2
Radical Faith [H],11.2
route 80s [H],11.2
SOMETHING WONDERFUL [A],11.2
quasar [H],11.2
Golden Horn [A],11.2
rottel-the-Mercury [A],11.2
BABY LOVE [A],11.2
Narcissus At Oasis [A],11.2
rainbow rainbow [A],11.2
Rise'n Beauty (10th) [A],11.2
ANDROMEDA [A],11.2
KEY [A],11.2
Votum stellarum [H],11.2
GREEN EYES [A],11.2
LESSON 5 [A],11.2
POODLE [A],11.2
Scripted Connection⇒ A mix [A],11.2
Bloody Tears(IIDX EDITION) [A],11.2
DEEP ROAR (RDT) [A],11.2
EURO-ROMANCE [A],11.2
So Fabulous !! [A],11.2
Zenius -I- vanisher [A],11.2
FIRE FIRE [A],11.2
HYPERION [A],11.2
Just a Little Smile [A],11.2
SOLITON BEAM (EMP) [A],11.2
D [A],11.2
DROP [A],11.2
Elisha [A],11.2
Sorrows [A],11.2
The Story Begins [A],11.2
ANTHEM LANDING [A],11.2
Bounce Bounce Bounce [A],11.2
THE DOOR INTO RAINBOW [A],11.2
THE FALLEN [A],11.2
BLUST OF WIND [L],11.2
Change the World [A],11.2
TITANS RETURN [A],11.2
Timepiece phase II [H],11.2
CONCEPTUAL [A],11.2
GRADIUS 2012 [A],11.2
Neonlights [A],11.2
Präludium [A],11.2
メイメツ、フラグメンツ [A],11.2
創世ノート [A],11.2
Howling [L],11.2
LUV CAN SAVE U [L],11.2
IX [H],11.2
BRAVE OUT [A],11.2
Engraved Mark [A],11.2
M.D.Injection [A],11.2
refractive index [A],11.2
SCHWARZSCHILD FIELD [A],11.2
Valgus [A],11.2
超!!遠距離らぶ♡メ～ル [A],11.2
Element of SPADA [L],11.2
Beyond The Earth [A],11.2
GUILTY [A],11.2
Hello Happiness [A],11.2
IXION [A],11.2
Realize Maze [A],11.2
Scarlet Moon [A],11.2
Scars of FAUNA [A],11.2
ドッキン☆サマーあばんちゅーる [A],11.2
La dolce primavera [A],11.2
Routing [A],11.2
SHELTER OF THE MIND [A],11.2
明鏡止水 [A],11.2
#MAGiCVLGiRL_TRVP_B3VTZ [A],11.2
Breakin' Chain [A],11.2
crew [A],11.2
Honey Trap [A],11.2
ROTTERDAM SHOGUN [A],11.2
Steel Edge [A],11.2
Venom [A],11.2
yamabiko (SINOBUZ Edition) [A],11.2
禍根 [A],11.2
鴉 [A],11.2
冬椿 ft. Kanae Asaba [L],11.2
ChaserXX [A],11.2
Fervidex [A],11.2
I Love You [A],11.2
No Limit 2 dAnce feat. 大山愛未 [A],11.2
Nothing but Theory [A],11.2
バ→ビ→ブ→Bomb! [A],11.2
CODE:Ø [A],11.2
HEISEI [A],11.2
R∞tAge [A],11.2
REPLAY [A],11.2
ZENDEGI DANCE [A],11.2
おーまい！らぶりー！すうぃーてぃ！だーりん！ [A],11.2
爆ゼニ☆がってんワーカー [A],11.2
Everlasting Message [H],11.2
Beautiful Harmony (IIDX MIX) [A],11.2
Change Yourself [A],11.2
GHOST [A],11.2
Lost Souls [A],11.2
STOIC HYPOTHESIS [A],11.2
VALKYRIAS -英雄誕生- [A],11.2
Volcanic Dragon [A],11.2
Ypsilon [A],11.2
狂水一華 [A],11.2
眠りの国のステラ [A],11.2
開きたまえ！Next stAge！ [A],11.2
AMRITA -不滅ノ花- [A],11.2
Burning Flame [A],11.2
MA・TSU・RI [A],11.2
Neo Heritage [A],11.2
Romanticが止まらない [A],11.2
Rowdy [A],11.2
Tell me what you wish feat.らっぷびと [A],11.2
乱膳の舞姫 [A],11.2
儚き恋の華 [A],11.2
水無月の雫 ft. 小林まな [A],11.2
無意識のフィロソフィア [A],11.2
Onyx [A],11.2
Pout [A],11.2
オドループ [L],11.2
《ORDERBREAKER》 [A],11.2
Caldwell 99 [A],11.2
Get On Your Feet [A],11.2
KING [A],11.2
Perfect Plan [A],11.2
Red Soul [A],11.2
Seraph [A],11.2
Swing My Wonderland [A],11.2
あるビー！ feat.ころねぽち [A],11.2
チェイスチェイスジョーカーズのうた (オニスタイルリミックス) [A],11.2
惑星☆ロリポップ [A],11.2
輪廻の鴉 [A],11.2
Aeterna [A],11.2
DAZZLE ATTACK [A],11.2
Deep Sea Mystery [A],11.2
INHERITANCE [A],11.2
PILGRIM [A],11.2
Psychedelic Intelligence [A],11.2
winkle 2 winkle [A],11.2
マーシャル・マキシマイザー [A],11.2
勇者 [A],11.2
果たせぬ約束 ft. 小林マナ [A],11.2
Bang-Boo Bumble [A],11.2
CHAOTIC SUNBIRD [A],11.2
Fiery Stallion [A],11.2
MVP [A],11.2
メズマライザー [A],11.2
断罪の一花 [A],11.2
イガク [L],11.2
Bang Bang Dance [A],11.2
BattleRoyal [A],11.2
Ignited Night [A],11.2
Nemophila [A],11.2
pique [A],11.2
Substance [A],11.2
Vitamin [A],11.2
voice of echo. [A],11.2
三日天下モンキー [A],11.2
月下繚乱 [A],11.2
Clione [L],11.4
Buffalo [L],11.4
Last Message [A],11.4
thunder [A],11.4
LOVE IS ORANGE [L],11.4
SWEETEST SAVAGE (COP) [A],11.4
pandora [A],11.4
Close my Eyes for Me [A],11.4
NEBULA GRASPER [A],11.4
Agnus Dei [A],11.4
Aurora [A],11.4
CaptivAte～浄化～ [A],11.4
Little Little Princess [A],11.4
rage against usual [A],11.4
合体せよ！ストロングイェーガー！！ (Ryu☆ remix) [A],11.4
EDEN [L],11.4
Apocalypse ～dirge of swans～ [A],11.4
Sun Field [A],11.4
waxing and wanding [A],11.4
Make Me Your Own [A],11.4
switch [A],11.4
TRIP MACHINE PhoeniX (ROOT) [A],11.4
Bahram Attack-猫叉Master Remix- [A],11.4
Kung-fu Empire [A],11.4
Monkey Dance '09 [A],11.4
まほろば [A],11.4
NΦ CRIME [L],11.4
smooooch・∀・ [L],11.4
THANK YOU FOR PLAYING [L],11.4
AIR RAID FROM THA UNDAGROUND [A],11.4
Dazzlin' Darlin-秋葉工房mix- [A],11.4
Light Shine [A],11.4
mosaic [A],11.4
NEW SENSATION -もう、あなたしか見えない- [A],11.4
たからもの [L],11.4
reunion [H],11.4
Destiny Sword [A],11.4
DM STAR～関西 energy style～ [A],11.4
Let The Track Flow [A],11.4
passionate fate [A],11.4
Space Time [A],11.4
STELLAR WIND [A],11.4
Tropical April [A],11.4
夕焼け ～Fading Day～ [A],11.4
天空の夜明け [H],11.4
SHADE [A],11.4
Beastie Starter [A],11.4
examination leave [A],11.4
Fly you to the star [A],11.4
planarian [A],11.4
Re:GENERATION [A],11.4
Saturn [A],11.4
SHION [A],11.4
Synergy For Angels [A],11.4
Time to Empress [A],11.4
仮想空間の旅人たち [A],11.4
朧 [L],11.4
VOX UP [H],11.4
Devilz Sacrifice -贖罪の羊- [A],11.4
diagram [A],11.4
Feel The Beat [A],11.4
m1dy Deluxe [A],11.4
Miracle 5ympho X [A],11.4
Squeeze [A],11.4
Blaze it UP! [A],11.4
BLUE MIRAGE [A],11.4
Chain of pain [A],11.4
Chronos [A],11.4
Discloze [A],11.4
IMPLANTATION [A],11.4
Monopole. [A],11.4
時空トラベローグ [A],11.4
恋は白帯、サンシロー [L],11.4
Angelic Jelly [A],11.4
Aublia [A],11.4
Daily Lunch Special [A],11.4
Derelict Star feat. Ryu* [A],11.4
On the FM [A],11.4
Outbreak [A],11.4
Rock It [A],11.4
STARLiGHT [A],11.4
Tori-no-kimochi [A],11.4
Violet Rose [A],11.4
ZEPHYRANTHES [A],11.4
か・し・ま・し☆PUMP UP！ [A],11.4
セロトニン [A],11.4
朝焼けから始まるボクらの小さな旅 [A],11.4
Damage Per Second [L],11.4
AsiaN distractive [A],11.4
Beat Juggling Mix [A],11.4
Beyond The Seven [A],11.4
BroGamer [A],11.4
Lost wing at.0 [A],11.4
ディッシュウォッシャー◎彡おいわちゃん [A],11.4
忍恋花 [A],11.4
OOO [L],11.4
Selfish Sweet [L],11.4
Around the Future [A],11.4
Be a Hero! [A],11.4
MAXIVCORD [A],11.4
SPEED DEMON [A],11.4
パラドキシカル・タイムリープトライアル(Short Ver.) [A],11.4
ラストセンチュリーメランコリック [A],11.4
STARLIGHT JUNCTION [L],11.4
純真可憐デザイア [L],11.4
X-DEN [H],11.4
50th Memorial Songs -Beginning Story- [A],11.4
Ember Lights [A],11.4
IDC feat.REVERBEE (Mo'Cuts Ver) [A],11.4
"Next Tales 2 Oath (IIDX 20th Anniv ""Ring"" Theme) [A]",11.4
Playing With Fire [A],11.4
Psycho Sheep Riddim [L],11.4
27th style [A],11.4
Advent Infamous [A],11.4
GIGA VIOLATE [A],11.4
Like+it! [A],11.4
Moving on [A],11.4
Nasty Techniques [A],11.4
Override [A],11.4
Queen Kaguya [A],11.4
rough percussionythm [A],11.4
Sparkle Smilin' [A],11.4
The Sky of Sadness [A],11.4
Theory [A],11.4
UNITE THE HEART [A],11.4
錬成人間トリコロイダー [A],11.4
apo:llioth [A],11.4
Crazy Jackpot [A],11.4
GIGA RAID [A],11.4
Globe Glitter [A],11.4
of the first magnitude [A],11.4
Ritual of Anubis [A],11.4
Swarm Of Scarabs [A],11.4
X-ray binary [A],11.4
ここからよろしく大作戦143 [L],11.4
10000 MILES AWAY [A],11.4
Banger Banger Banger Banger [A],11.4
DREAM OF SPACE UFO ABDUCTION [A],11.4
オールトの雲 [A],11.4
グッバイ宣言 [A],11.4
ハイテックトキオ [A],11.4
シル・ヴ・プレジデント [L],11.4
Ambush Ace [A],11.4
EXODUS SIGN [A],11.4
Ruler or Loser [A],11.4
Shadow World [A],11.4
THE TIME MACHINE [A],11.4
ZEИITH [A],11.4
ちょえちょえまぎか [A],11.4
パーフェクトイーター [A],11.4
響花水月 [A],11.4
Red Determination [A],11.4
See You Again [A],11.4
Speculation [A],11.4
Submerge Serenade [A],11.4
This Is Club Musik feat. 大久保紅葉 [A],11.4
フォニイ [A],11.4
夢縁 [A],11.4
雫 [A],11.4
Constellation [A],11.4
Plea Per Phase [A],11.4
Show Me All Your Love [A],11.4
Slumber☆Party [A],11.4
Space In Time [A],11.4
ハオ [A],11.4
ファイナルレター [A],11.4
覚悟せよ！エンタンメ～ン ～より身の切り売り自暴自棄版～ [A],11.4
[E] [A],11.4
Catch ya Getcha! [A],11.4
Countdown to Heaven or Hell [A],11.4
GO! [A],11.4
Second Heaven(Mamonis Remix) [A],11.4
オーバーライド [A],11.4
タンポポ [A],11.4
でんぱ どりる わんにゃー☆三 [A],11.4
煉獄コンフィチュール [A],11.4
華麗なる！音戯探偵ひなビタ♫ [A],11.4
閃と雷管とロープ [A],11.4
Schlagwerk [H],11.6
Schlagwerk [A],11.6
CHECKING YOU OUT [H],11.6
empathy [H],11.6
Regulus [A],11.6
STILL IN MY HEART [A],11.6
THE CUBE [A],11.6
V [A],11.6
Take It Easy [H],11.6
A [H],11.6
foreplay [A],11.6
Tomorrow Perfume [A],11.6
memories [A],11.6
Daisuke [A],11.6
Debtty Daddy [A],11.6
SPACE FIGHT [A],11.6
RESONATE 1794 [H],11.6
Be quiet [A],11.6
RED ZONE [A],11.6
Scripted Connection⇒ H mix [A],11.6
Xepher [A],11.6
嘆きの樹 [H],11.6
D.C.fish [A],11.6
PHOTONGENIC [A],11.6
零 - ZERO - [L],11.6
PARANOiA ～HADES～ [H],11.6
end of world [A],11.6
in the Sky [A],11.6
MENTAL MELTDOWN [A],11.6
THE DEEP STRIKER [A],11.6
Übertreffen [A],11.6
Ristaccia [L],11.6
卑弥呼 [H],11.6
Arabian Rave Night [A],11.6
BITTER CHOCOLATE STRIKER [A],11.6
CaptivAte2～覚醒～ [A],11.6
Secrets [A],11.6
THE SHINING POLARIS(kors k mix) (RDT) [A],11.6
天空脳番長危機十六連打 [A],11.6
Almagest [H],11.6
bloomin' feeling [A],11.6
Keep it-秋葉工房mix- [A],11.6
Hydrogen Blueback [L],11.6
BROKEN EDEN [A],11.6
Energy Drive [A],11.6
Never Fade Away [A],11.6
Programmed Life [A],11.6
Sakura Reflection [A],11.6
Wuv U [A],11.6
Golden Palms [L],11.6
WISE UP! [L],11.6
24th Century BOY [A],11.6
In the Blackest Den [A],11.6
Quick Silver [A],11.6
Scharfrichter [A],11.6
Snow Goose [A],11.6
Thunderbolt [A],11.6
ビューティフルレシート [A],11.6
蛇神 [A],11.6
Ascalon [A],11.6
Cookie Bouquets [A],11.6
New Decade IIDX Edition [A],11.6
S!ck [A],11.6
VEGA [A],11.6
ZED [A],11.6
龍と少女とデコヒーレンス [A],11.6
ALBA -黎明- [A],11.6
Cleopatrysm [A],11.6
Critical Crystal [A],11.6
Lighting Shower [A],11.6
MAGIC & LOVE [A],11.6
MAD ATTACK [L],11.6
Chrono Diver -PENDULUMs- [H],11.6
#The_Relentless [A],11.6
CHRONO DIVER -NORNIR- [A],11.6
Vulkan [A],11.6
Chronos [L],11.6
Donkey Donk [A],11.6
Inner Spirit [A],11.6
Konzert V [A],11.6
少女アリスと箱庭幻想コンチェルト [A],11.6
追想快晴テーマパーク [A],11.6
量子の海のリントヴルム [A],11.6
麗 ～うらら～ [A],11.6
Around The Galaxy [A],11.6
INVISIBLE STRIX [A],11.6
Macuilxochitl [A],11.6
Modular Technology [A],11.6
nostos [A],11.6
SAMURAI-Scramble [A],11.6
SAY BAY [A],11.6
XINOBIKILL [A],11.6
Yellow Sketch(RX-Ver.S.P.L.) [A],11.6
EMERALDAS [H],11.6
Abraxas [A],11.6
FREEDOM [A],11.6
n'pa pa BBQ [A],11.6
O/D*20 [A],11.6
UMMU [A],11.6
命の標本 [A],11.6
Alpheratz [L],11.6
50th Memorial Songs -The BEMANI History- [A],11.6
COSMIC CYBER [A],11.6
DRUNK MONKY [A],11.6
LADYBIRD [A],11.6
"ROCK女 feat. 大山愛未, Ken [A]",11.6
UNDERWORLD HOLOGRAPHY [A],11.6
Backyard Stars [A],11.6
Bow shock!! [A],11.6
Into The Madness [A],11.6
S!ck (Nhato Remix) [A],11.6
シャムシールの舞 [A],11.6
バッドエンド・シンドローム [A],11.6
DENIM [A],11.6
Farewell to Marrakech [A],11.6
LAST DAY [A],11.6
Overslept [A],11.6
Rejection Girl [A],11.6
rommmo [A],11.6
Rosa azuL [A],11.6
WAKE UP NOW [L],11.6
《GRANDMASTER》 [A],11.6
Divine Heaven [A],11.6
Emera [A],11.6
Game Changers [A],11.6
kors k's How to make OTOGE CORE [A],11.6
Nocturnal 2097 [A],11.6
Tail Lights [A],11.6
Xyndrome [A],11.6
怪物 [L],11.6
3V0 [A],11.6
CODE -CRiMSON- [A],11.6
STRAIGHT TO THE STARS [A],11.6
VOLCANIC BIGBEAT [A],11.6
罪過の聖堂 [A],11.6
惑星鉄道 [H],11.6
20XX [A],11.6
Chemical Colours [A],11.6
i-ii [A],11.6
Monkey Business [A],11.6
Shapeshifter [A],11.6
squall [A],11.6
Time Distortion pt.2(IIDX Edit) [A],11.6
アイドル [L],11.6
ELYSIUM [A],11.6
everlastingeuphoria: [A],11.6
lowercase lifetime [A],11.6
SUPER HEROINE!! [A],11.6
爆ぜりゃんせ [A],11.6
Bling-Bang-Bang-Born [L],11.6
A Certified Rave Moment [A],11.6
Fashion Fruit [A],11.6
Last Card [A],11.6
MOCHIMOCHI DREAMIN!! [A],11.6
SnapSkipSpark [A],11.6
TOKAKU=ALMiRAJ [A],11.6
ベラ・ベ・カラベラ [A],11.6
Macho Gang [H],11.8
Macho Gang [A],11.8
R5 [A],11.8
Voltage (feat. Hidemaru) [H],11.8
ABSOLUTE [L],11.8
Linus [A],11.8
こっちを向いてよ [A],11.8
ZERO-ONE [L],11.8
Giudecca [A],11.8
rainbow flyer [A],11.8
HIGH [L],11.8
100% minimoo-G [A],11.8
Catch Me [L],11.8
Second Heaven [A],11.8
NEW GENERATION -もう、お前しか見えない- [A],11.8
STEEL NEEDLE [A],11.8
Programmed World [A],11.8
V2 [A],11.8
"You'll say ""Now!"" [A]",11.8
Mind Mapping [L],11.8
naughty girl@Queen's Palace [L],11.8
Empire State Glory [A],11.8
Session 1 -Genesis- [A],11.8
perditus†paradisus [H],11.8
Watch Out Pt.2 [A],11.8
532nm [A],11.8
Almace [A],11.8
prompt [A],11.8
SA.YO.NA.RA. SUPER STAR [A],11.8
Yellow Sunrise [A],11.8
ユミル [A],11.8
CALL [L],11.8
Star Trail [L],11.8
Sol Cosine Job 2 [H],11.8
Take My Life [A],11.8
HYENA [A],11.8
KAISER PHOENIX [A],11.8
デッドボヲルdeホームラン [A],11.8
NEO GENERATOR SEVEN [A],11.8
とろぴかる倶楽部 [A],11.8
パ→ピ→プ→Yeah! [A],11.8
ベィスドロップ・フリークス [L],11.8
GOBBLE [A],11.8
STARLIGHT DANCEHALL [A],11.8
Amazing Mirage [A],11.8
HAPPY★RUSH [A],11.8
Back Spin Sweeper [A],11.8
City Never Sleeps (IIDX EDITION) [A],11.8
REVOLVER [A],11.8
& Intelligence [A],11.8
Urban Constellations [A],11.8
Wolf 1061 [A],11.8
龍王の霊廟(Mausoleum Of The Primal Dragon) [A],11.8
IDOL syndrome. [L],11.8
Danza Aestas [A],11.8
Jungle Eater [A],11.8
POLꓘAMAИIA [A],11.8
Zenith [A],11.8
涙のテ・エストラーニョ・ムーチョ [A],11.8
DISPARATE [A],11.8
Ergosphere [A],11.8
Souhait bleu [A],11.8
ウツシミウツシ [A],11.8
青の洞窟 [A],11.8
≡+≡ [A],11.8
Echoes of Sunfall [A],11.8
GloriosA [A],11.8
GLORIOUS HAMMER [A],11.8
Mukade [A],11.8
TRIP THE DEEP [A],11.8
きみのせかい [A],11.8
ゲシュタルト [L],11.8
blue anthem [A],11.8
Hallucination [A],11.8
Τέλος [A],11.8
じぇりー じゅえる ジャングル [A],11.8
メルト CPK! Remix (初音ミク ver.) [A],11.8
xenon [A],12.0
Silvia Drive [A],12.0
Marie Antoinette [A],12.0
不沈艦CANDY [A],12.0
Marie Antoinette [L],12.0
ALBIDA [A],12.0
XANADU OF TWO [L],12.0
Castle on the Moon [A],12.0
I'm so Happy [A],12.0
Illegal Function Call [A],12.0
Light and Cyber… [A],12.0
VALLIS-NERIA [A],12.0
Funny shuffle [A],12.0
Symmetry [A],12.0
Journey [L],12.0
Sarutobi Champion is 拙者 [A],12.0
THE CANNONBALLER [A],12.0
XENON II ～TOMOYUKIの野望～ [A],12.0
花冠 feat.Aikapin [A],12.0
C-C-C-N-N-N [A],12.0
ADAMANT [A],12.0
AGEHA [L],12.1
Scripted Connection⇒ N mix [L],12.1
Bahram Attack-猫叉Master Remix- [L],12.1
neogenesis [L],12.1
TECHNO RUMBLE [A],12.1